{
  "icd_micro_f1": 0.3966344131257888,
  "icd_macro_f1": 0.1946769816750814,
  "icd_micro_precision": 0.4443606541923929,
  "icd_micro_recall": 0.3581658625536603,
  "icd_precision_at_5": 0.39999999999999997,
  "icd_precision_at_8": 0.33609947066607854,
  "cpt_micro_f1": 0.5295385942216473,
  "cpt_macro_f1": 0.1758214838223313,
  "cpt_micro_precision": 0.5210923069242673,
  "cpt_micro_recall": 0.5382632013201321,
  "cpt_precision_at_5": 0.46277018085575644,
  "cpt_precision_at_8": 0.37329069254521396,
  "loss": 0.4774908326185149,
  "icd_loss": 0.2970015744052867,
  "cpt_loss": 0.18048925817380718,
  "joint_score": 0.46308650367371806
}