{
  "icd_micro_f1": 0.45060681629260185,
  "icd_macro_f1": 0.31304267525762813,
  "icd_micro_precision": 0.4006267183019481,
  "icd_micro_recall": 0.5148349352277476,
  "icd_precision_at_5": 0.4314512571680636,
  "icd_precision_at_8": 0.36212505513895016,
  "cpt_micro_f1": 0.5379778813226296,
  "cpt_macro_f1": 0.17512950077263703,
  "cpt_micro_precision": 0.5903042996180855,
  "cpt_micro_recall": 0.49417285478547857,
  "cpt_precision_at_5": 0.47754741949713275,
  "cpt_precision_at_8": 0.37987979708866343,
  "loss": 0.6547099996811498,
  "icd_loss": 0.3690199039390268,
  "cpt_loss": 0.17392569362486482,
  "joint_score": 0.45934392279560465
}