{
  "icd_micro_f1": 0.5989996243648801,
  "icd_macro_f1": 0.44895326201648816,
  "icd_micro_precision": 0.624495011954819,
  "icd_micro_recall": 0.5755043118185618,
  "icd_precision_at_5": 0.5592853992059992,
  "icd_precision_at_8": 0.45018195853550946,
  "cpt_micro_f1": 0.590545417833977,
  "cpt_macro_f1": 0.30173522763772626,
  "cpt_micro_precision": 0.5783281427653368,
  "cpt_micro_recall": 0.6032900165016502,
  "cpt_precision_at_5": 0.49682399647110714,
  "cpt_precision_at_8": 0.3947673136303485,
  "loss": 0.389186679521583,
  "icd_loss": 0.23086018824681187,
  "cpt_loss": 0.15832649143622227,
  "joint_score": 0.5947725210994286
}