{
  "icd_micro_f1": 0.5946042878775804,
  "icd_macro_f1": 0.4394373158017879,
  "icd_micro_precision": 0.6252252252252253,
  "icd_micro_recall": 0.5668426851042814,
  "icd_precision_at_5": 0.5563299514777238,
  "icd_precision_at_8": 0.4486656374062638,
  "cpt_micro_f1": 0.5904287439613527,
  "cpt_macro_f1": 0.300055132179581,
  "cpt_micro_precision": 0.5765035377358491,
  "cpt_micro_recall": 0.6050433168316832,
  "cpt_precision_at_5": 0.4962505513895016,
  "cpt_precision_at_8": 0.39440891045434495,
  "loss": 0.39060973596233706,
  "icd_loss": 0.2322256855903268,
  "cpt_loss": 0.15838405026848432,
  "joint_score": 0.5925165159194665
}