{
  "icd_micro_f1": 0.5343240591930872,
  "icd_macro_f1": 0.412244095330608,
  "icd_micro_precision": 0.5349381477766634,
  "icd_micro_recall": 0.5337113788933828,
  "icd_precision_at_5": 0.4979438425823569,
  "icd_precision_at_8": 0.4034103471147468,
  "cpt_micro_f1": 0.6096454474528274,
  "cpt_macro_f1": 0.39710665681314994,
  "cpt_micro_precision": 0.6405756618897255,
  "cpt_micro_recall": 0.5815645845967253,
  "cpt_precision_at_5": 0.5009949148795048,
  "cpt_precision_at_8": 0.39586557594516913,
  "loss": 0.9622725530945021,
  "icd_loss": 0.30272371907719303,
  "cpt_loss": 0.27679776186642263,
  "joint_score": 0.5719847533229574
}