{
  "icd_micro_f1": 0.4391874817766547,
  "icd_macro_f1": 0.3703871988906058,
  "icd_micro_precision": 0.4113684363848227,
  "icd_micro_recall": 0.4710419880748864,
  "icd_precision_at_5": 0.4147149801148917,
  "icd_precision_at_8": 0.34481330092797174,
  "cpt_micro_f1": 0.527767185148018,
  "cpt_macro_f1": 0.30194804488447125,
  "cpt_micro_precision": 0.43203101895968193,
  "cpt_micro_recall": 0.6780115511551155,
  "cpt_precision_at_5": 0.43102076889085283,
  "cpt_precision_at_8": 0.36171564295183384,
  "loss": 0.7567350565136085,
  "icd_loss": 0.4795190565126742,
  "cpt_loss": 0.22926408240848997,
  "joint_score": 0.48347733346233634
}